﻿<configuration>
  <log4net debug="true">    
    
     <appender name="task_appender" type="log4net.Appender.RollingFileAppender">      
      <file value="C:\OrderLog.txt" />-->
      <appendToFile value="true" />
      <rollingStyle value="Size" />
      <maxSizeRollBackups value="5" />
      <maximumFileSize value="10MB" />
      <staticLogFileName value="true" />
      <layout type="log4net.Layout.PatternLayout">
        <conversionPattern value="%date [%thread] %level %logger - %message%newline" />
      </layout>
    </appender>

    <root>
      <level value="ALL" />
    </root>


    <logger name="Task">
      <level value="DEBUG" />
      <appender-ref ref="task_appender" />
    </logger>
  </log4net>  
</configuration>